{"mean":{"confidence_interval":{"confidence_level":0.95,"lower_bound":163576.185,"upper_bound":170999.233},"point_estimate":167169.5675,"standard_error":1896.3181717447194},"median":{"confidence_interval":{"confidence_level":0.95,"lower_bound":159474.0,"upper_bound":166630.25},"point_estimate":163731.0,"standard_error":1648.2024780551508},"median_abs_dev":{"confidence_interval":{"confidence_level":0.95,"lower_bound":11703.27354222536,"upper_bound":20034.74409431219},"point_estimate":16296.738910675049,"standard_error":2082.1704525149476},"slope":null,"std_dev":{"confidence_interval":{"confidence_level":0.95,"lower_bound":15759.631072350356,"upper_bound":22163.441622788607},"point_estimate":19154.641076644304,"standard_error":1634.285002464561}}