{"mean":{"confidence_interval":{"confidence_level":0.95,"lower_bound":20444461.99915909,"upper_bound":22639977.727272727},"point_estimate":21528437.220909096,"standard_error":555854.1515005808},"median":{"confidence_interval":{"confidence_level":0.95,"lower_bound":19989726.136363637,"upper_bound":22145493.636363637},"point_estimate":20035524.18181818,"standard_error":574786.7692907422},"median_abs_dev":{"confidence_interval":{"confidence_level":0.95,"lower_bound":5874986.170707236,"upper_bound":6668123.446071687},"point_estimate":5992505.131529945,"standard_error":344439.9388026535},"slope":null,"std_dev":{"confidence_interval":{"confidence_level":0.95,"lower_bound":4887549.676216061,"upper_bound":6283001.924525673},"point_estimate":5564146.631330369,"standard_error":361487.61972942034}}