{"mean":{"confidence_interval":{"confidence_level":0.95,"lower_bound":80245.49032490715,"upper_bound":82978.84131691823},"point_estimate":81567.4707385191,"standard_error":695.8725178440378},"median":{"confidence_interval":{"confidence_level":0.95,"lower_bound":79830.43344558668,"upper_bound":82031.45856801502},"point_estimate":80679.4212352643,"standard_error":614.293943440014},"median_abs_dev":{"confidence_interval":{"confidence_level":0.95,"lower_bound":4312.161403835977,"upper_bound":7861.861276216909},"point_estimate":6201.5468676704,"standard_error":886.9337470131175},"slope":{"confidence_interval":{"confidence_level":0.95,"lower_bound":78359.68576636365,"upper_bound":80828.7455988596},"point_estimate":79602.26477400832,"standard_error":631.0929571973055},"std_dev":{"confidence_interval":{"confidence_level":0.95,"lower_bound":5620.033464287283,"upper_bound":8334.706394374834},"point_estimate":7030.24559235561,"standard_error":694.3027247654102}}