{"mean":{"confidence_interval":{"confidence_level":0.95,"lower_bound":21423316.795,"upper_bound":25255141.95037499},"point_estimate":23329913.523333333,"standard_error":977004.2848847734},"median":{"confidence_interval":{"confidence_level":0.95,"lower_bound":15480752.0,"upper_bound":29345611.666666664},"point_estimate":22373088.75,"standard_error":4194749.314889253},"median_abs_dev":{"confidence_interval":{"confidence_level":0.95,"lower_bound":9726691.519516708,"upper_bound":15668014.222437143},"point_estimate":11228051.571962237,"standard_error":1545937.1984752482},"slope":null,"std_dev":{"confidence_interval":{"confidence_level":0.95,"lower_bound":8860672.012112183,"upper_bound":10618571.063016394},"point_estimate":9796338.994504772,"standard_error":447825.1964983895}}