{"mean":{"confidence_interval":{"confidence_level":0.95,"lower_bound":18042449.005384628,"upper_bound":20076773.767423082},"point_estimate":19059921.68230769,"standard_error":519331.9523172851},"median":{"confidence_interval":{"confidence_level":0.95,"lower_bound":17245299.307692304,"upper_bound":20493513.269230768},"point_estimate":17341486.423076924,"standard_error":1076287.3387020759},"median_abs_dev":{"confidence_interval":{"confidence_level":0.95,"lower_bound":4937784.956567561,"upper_bound":7107550.858292669},"point_estimate":5400651.813003878,"standard_error":465899.07947579515},"slope":null,"std_dev":{"confidence_interval":{"confidence_level":0.95,"lower_bound":4381431.441125835,"upper_bound":5966392.883572499},"point_estimate":5195315.121251791,"standard_error":404602.13982169225}}